{"cameraMode":{"drawMode":0,"name":"Shaded","section":"Shading Mode"},"sceneLighting":true,"audioPlay":false,"sceneViewState":{"m_AlwaysRefresh":false,"showFog":true,"showSkybox":true,"showFlares":true,"showImageEffects":true,"showParticleSystems":true,"showVisualEffectGraphs":true,"m_FxEnabled":true},"in2DMode":false,"pivot":{"x":-4.033361911773682,"y":4.813668251037598,"z":105.98995971679688},"rotation":{"x":0.0041891117580235008,"y":-0.012902067974209786,"z":-0.00005405914271250367,"w":-0.9998929500579834},"size":54.73759078979492,"orthographic":false}