{"cameraMode":{"drawMode":0,"name":"Shaded","section":"Shading Mode"},"sceneLighting":true,"audioPlay":false,"sceneViewState":{"m_AlwaysRefresh":false,"showFog":true,"showSkybox":true,"showFlares":true,"showImageEffects":true,"showParticleSystems":true,"showVisualEffectGraphs":true,"m_FxEnabled":true},"in2DMode":false,"pivot":{"x":-4.142127513885498,"y":3.113211154937744,"z":45.891029357910159},"rotation":{"x":-0.018301473930478097,"y":-0.02939264476299286,"z":0.00053647521417588,"w":-0.9993851184844971},"size":36.71688461303711,"orthographic":false}